ID	Name	Connectivity_SMILES
D00045	adenosine	C1=NC(=C2C(=N1)N(C=N2)C3C(C(C(O3)CO)O)O)N
D00059	levodopa	C1=CC(=C(C=C1CC(C(=O)O)N)O)O
D00066	progesterone	CC(=O)C1CCC2C1(CCC3C2CCC4=CC(=O)CCC34C)C
D00067	estrone	CC12CCC3C(C1CCC2=O)CCC4=C3C=CC(=C4)O
D00075	testosterone	CC12CCC3C(C1CCC2O)CCC4=CC(=O)CCC34C
D00076	norepinephrine	C1=CC(=C(C=C1C(CN)O)O)O
D00079	Prostaglandin E2	CCCCCC(C=CC1C(CC(=O)C1CC=CCCCC(=O)O)O)O
D00088	hydrocortisone	CC12CCC(=O)C=C1CCC3C2C(CC4(C3CCC4(C(=O)CO)O)C)O
D00094	Retinoic acid	CC1=C(C(CCC1)(C)C)C=CC(=CC=CC(=CC(=O)O)C)C
D00095	epinephrine	CNCC(C1=CC(=C(C=C1)O)O)O
D00105	estradiol	CC12CCC3C(C1CCC2O)CCC4=C3C=CC(=C4)O
D00106	Epoprostenol (TN)	CCCCCC(C=CC1C(CC2C1CC(=CCCCC(=O)O)O2)O)O
D00107	Tacrolimus hydrate	CC1CC(C2C(CC(C(O2)(C(=O)C(=O)N3CCCCC3C(=O)OC(C(C(CC(=O)C(C=C(C1)C)CC=C)O)C)C(=CC4CCC(C(C4)OC)O)C)O)C)OC)OC.O
D00109	aspirin	CC(=O)OC1=CC=CC=C1C(=O)O
D00110	Cocaine (USP)	CN1C2CCC1C(C(C2)OC(=O)C3=CC=CC=C3)C(=O)OC
D00113	ATROPINE	CN1C2CCC1CC(C2)OC(=O)C(CO)C3=CC=CC=C3
D00118	NAPROXEN	CC(C1=CC2=C(C=C1)C=C(C=C2)OC)C(=O)O
D00120	sulindac	CC1=C(C2=C(C1=CC3=CC=C(C=C3)S(=O)C)C=CC(=C2)F)CC(=O)O
D00124	Ephedrine	CC(C(C1=CC=CC=C1)O)NC
D00125	etoposide	CC1OCC2C(O1)C(C(C(O2)OC3C4COC(=O)C4C(C5=CC6=C(C=C35)OCO6)C7=CC(=C(C(=C7)OC)O)OC)O)O
D00126	58560-75-1	CC(C)CC1=CC=C(C=C1)C(C)C(=O)O
D00127	piroxicam	CN1C(=C(C2=CC=CC=C2S1(=O)=O)O)C(=O)NC3=CC=CC=N3
D00129	calcitriol	CC(CCCC(C)(C)O)C1CCC2C1(CCCC2=CC=C3CC(CC(C3=C)O)O)C
D00130	diflunisal	C1=CC(=C(C=C1C2=C(C=C(C=C2)F)F)C(=O)O)O
D00131	disulfiram	CCN(CC)C(=S)SSC(=S)N(CC)CC
D00132	ketoprofen	CC(C1=CC(=CC=C1)C(=O)C2=CC=CC=C2)C(=O)O
D00136	haloperidol	C1CN(CCC1(C2=CC=C(C=C2)Cl)O)CCCC(=O)C3=CC=C(C=C3)F
D00138	scopolamine	CN1C2CC(CC1C3C2O3)OC(=O)C(CO)C4=CC=CC=C4
D00141	indomethacin	CC1=C(C2=C(N1C(=O)C3=CC=C(C=C3)Cl)C=CC(=C2)OC)CC(=O)O
D00142	methotrexate	CN(CC1=CN=C2C(=N1)C(=NC(=N2)N)N)C3=CC=C(C=C3)C(=O)NC(CCC(=O)O)C(=O)O
D00147	Benzeneacetic acid, alpha-(hydroxymethyl)-, (3-endo)-8-methyl-8-azabicyclo[3.2.1]oct-3-yl ester, (alphaS)-	CN1C2CCC1CC(C2)OC(=O)C(CO)C3=CC=CC=C3
D00155	pentostatin	C1C(C(OC1N2C=NC3=C2NC=NCC3O)CO)O
D00181	Argatroban monohydrate	CC1CCN(C(C1)C(=O)O)C(=O)C(CCCN=C(N)N)NS(=O)(=O)C2=CC=CC3=C2NCC(C3)C.O
D00182	norethindrone	CC12CCC3C(C1CCC2(C#C)O)CCC4=CC(=O)CCC34
D00184	Cyclosporin	CCC1C(=O)N(CC(=O)N(C(C(=O)NC(C(=O)N(C(C(=O)NC(C(=O)NC(C(=O)N(C(C(=O)N(C(C(=O)N(C(C(=O)N(C(C(=O)N1)C(C(C)CC=CC)O)C)C(C)C)C)CC(C)C)C)CC(C)C)C)C)C)CC(C)C)C)C(C)C)CC(C)C)C)C
D00187	ergocalciferol	CC(C)C(C)C=CC(C)C1CCC2C1(CCCC2=CC=C3CC(CCC3=C)O)C
D00188	Vitamin D3	CC(C)CCCC(C)C1CCC2C1(CCCC2=CC=C3CC(CCC3=C)O)C
D00197	reserpine	COC1C(CC2CN3CCC4=C(C3CC2C1C(=O)OC)NC5=C4C=CC(=C5)OC)OC(=O)C6=CC(=C(C(=C6)OC)OC)OC
D00216	(3R,4R,5S,6R)-5-{[(2R,3R,4R,5S,6R)-5-{[(2R,3R,4S,5S,6R)-3,4-dihydroxy-6-methyl-5-{[(1S,4R,5S,6S)-4,5,6-trihydroxy-3-(hydroxymethyl)cyclohex-2-en-1-yl]amino}oxan-2-yl]oxy}-3,4-dihydroxy-6-(hydroxymethyl)oxan-2-yl]oxy}-6-(hydroxymethyl)oxane-2,3,4-triol	CC1C(C(C(C(O1)OC2C(OC(C(C2O)O)OC3C(OC(C(C3O)O)O)CO)CO)O)O)NC4C=C(C(C(C4O)O)O)CO
D00217	acetaminophen	CC(=O)NC1=CC=C(C=C1)O
D00218	acetazolamide	CC(=O)NC1=NN=C(S1)S(=O)(=O)N
D00219	acetohexamide	CC(=O)C1=CC=C(C=C1)S(=O)(=O)NC(=O)NC2CCCCC2
D00224	allopurinol	C1=NNC2=C1C(=O)NC=N2
D00225	alprazolam	CC1=NN=C2N1C3=C(C=C(C=C3)Cl)C(=NC2)C4=CC=CC=C4
D00227	aminophylline	CN1C2=C(C(=O)N(C1=O)C)NC=N2.CN1C2=C(C(=O)N(C1=O)C)NC=N2.C(CN)N
D00231	Amrinone	C1=CN=CC=C1C2=CNC(=O)C(=C2)N
D00234	astemizole	COC1=CC=C(C=C1)CCN2CCC(CC2)NC3=NC4=CC=CC=C4N3CC5=CC=C(C=C5)F
D00235	atenolol	CC(C)NCC(COC1=CC=C(C=C1)CC(=O)N)O
D00241	baclofen	C1=CC(=CC=C1C(CC(=O)O)CN)Cl
D00244	betamethasone	CC1CC2C3CCC4=CC(=O)C=CC4(C3(C(CC2(C1(C(=O)CO)O)C)O)F)C
D00246	budesonide	CCCC1OC2CC3C4CCC5=CC(=O)C=CC5(C4C(CC3(C2(O1)C(=O)CO)C)O)C
D00247	bumetanide	CCCCNC1=C(C(=CC(=C1)C(=O)O)S(=O)(=O)N)OC2=CC=CC=C2
D00249	Fortical	CC(C)CC1C(=O)NC(C(=O)NC(C(=O)NC(CSSCC(C(=O)NC(C(=O)NC(C(=O)N1)CC(=O)N)CO)N)C(=O)NC(C(C)C)C(=O)NC(CC(C)C)C(=O)NCC(=O)NC(CCCCN)C(=O)NC(CC(C)C)C(=O)NC(CO)C(=O)NC(CCC(=O)N)C(=O)NC(CCC(=O)O)C(=O)NC(CC(C)C)C(=O)NC(CC2=CN=CN2)C(=O)NC(CCCCN)C(=O)NC(CC(C)C)C(=O)NC(CCC(=O)N)C(=O)NC(C(C)O)C(=O)NC(CC3=CC=C(C=C3)O)C(=O)N4CCCC4C(=O)NC(CCCNC(=N)N)C(=O)NC(C(C)O)C(=O)NC(CC(=O)N)C(=O)NC(C(C)O)C(=O)NCC(=O)NC(CO)C(=O)NCC(=O)NC(C(C)O)C(=O)N5CCCC5C(=O)N)C(C)O)CO
D00251	captopril	CC(CS)C(=O)N1CCCC1C(=O)O
D00252	carbamazepine	C1=CC=C2C(=C1)C=CC3=CC=CC=C3N2C(=O)N
D00255	carvedilol	COC1=CC=CC=C1OCCNCC(COC2=CC=CC3=C2C4=CC=CC=C4N3)O
D00267	chlordiazepoxide	CN=C1CN(C(=C2C=C(C=CC2=N1)Cl)C3=CC=CC=C3)O
D00270	chlorpromazine	CN(C)CCCN1C2=CC=CC=C2SC3=C1C=C(C=C3)Cl
D00271	chlorpropamide	CCCNC(=O)NS(=O)(=O)C1=CC=C(C=C1)Cl
D00272	chlorthalidone	C1=CC=C2C(=C1)C(=O)NC2(C3=CC(=C(C=C3)Cl)S(=O)(=O)N)O
D00274	Propulsid	COC1CN(CCC1NC(=O)C2=CC(=C(C=C2OC)N)Cl)CCCOC3=CC=C(C=C3)F
D00279	clofibrate	CCOC(=O)C(C)(C)OC1=CC=C(C=C1)Cl
D00280	clonazepam	C1C(=O)NC2=C(C=C(C=C2)[N+](=O)[O-])C(=N1)C3=CC=CC=C3Cl
D00281	clonidine	C1CN=C(N1)NC2=C(C=CC=C2Cl)Cl
D00283	clozapine	CN1CCN(CC1)C2=NC3=C(C=CC(=C3)Cl)NC4=CC=CC=C42
D00289	danazol	CC12CCC3C(C1CCC2(C#C)O)CCC4=CC5=C(CC34C)C=NO5
D00291	DDAVP	C1CC(N(C1)C(=O)C2CSSCCC(=O)NC(C(=O)NC(C(=O)NC(C(=O)NC(C(=O)N2)CC(=O)N)CCC(=O)N)CC3=CC=CC=C3)CC4=CC=C(C=C4)O)C(=O)NC(CCCN=C(N)N)C(=O)NCC(=O)N
D00292	dexamethasone	CC1CC2C3CCC4=CC(=O)C=CC4(C3(C(CC2(C1(C(=O)CO)O)C)O)F)C
D00293	diazepam	CN1C(=O)CN=C(C2=C1C=CC(=C2)Cl)C3=CC=CC=C3
D00295	cimetidine	CC1=C(N=CN1)CSCCNC(=NC)NC#N
D00298	digoxin	CC1C(C(CC(O1)OC2C(OC(CC2O)OC3C(OC(CC3O)OC4CCC5(C(C4)CCC6C5CC(C7(C6(CCC7C8=CC(=O)OC8)O)C)O)C)C)C)O)O
D00299	dihydrotachysterol	CC1CCC(CC1=CC=C2CCCC3(C2CCC3C(C)C=CC(C)C(C)C)C)O
D00300	diphenhydramine	CN(C)CCOC(C1=CC=CC=C1)C2=CC=CC=C2
D00302	dipyridamole	C1CCN(CC1)C2=NC(=NC3=C2N=C(N=C3N4CCCCC4)N(CCO)CCO)N(CCO)CCO
D00303	disopyramide	CC(C)N(CCC(C1=CC=CC=C1)(C2=CC=CC=N2)C(=O)N)C(C)C
D00304	DIVALPROEX SODIUM	CCCC(CCC)C(=O)O.CCCC(CCC)C(=O)[O-].[Na+]
D00306	Dronabinol	CCCCCC1=CC(=C2C3C=C(CCC3C(OC2=C1)(C)C)C)O
D00313	ETHACRYNIC ACID	CCC(=C)C(=O)C1=C(C(=C(C=C1)OCC(=O)O)Cl)Cl
D00315	etodolac	CCC1=C2C(=CC=C1)C3=C(N2)C(OCC3)(CC)CC(=O)O
D00318	famotidine	C1=C(N=C(S1)N=C(N)N)CSCCC(=NS(=O)(=O)N)N
D00319	felodipine	CCOC(=O)C1=C(NC(=C(C1C2=C(C(=CC=C2)Cl)Cl)C(=O)OC)C)C
D00320	fentanyl	CCC(=O)N(C1CCN(CC1)CCC2=CC=CC=C2)C3=CC=CC=C3
D00321	finasteride	CC12CCC3C(C1CCC2C(=O)NC(C)(C)C)CCC4C3(C=CC(=O)N4)C
D00324	6alpha-Fluoro-11beta,16alpha,17,21-tetrahydroxypregna-1,4-diene-3,20-dione cyclic 16,17-acetal with acetone, hemihydrate	CC1(OC2CC3C4CC(C5=CC(=O)C=CC5(C4C(CC3(C2(O1)C(=O)CO)C)O)C)F)C.CC1(OC2CC3C4CC(C5=CC(=O)C=CC5(C4C(CC3(C2(O1)C(=O)CO)C)O)C)F)C.O
D00327	fluoxymesterone	CC12CCC(=O)C=C1CCC3C2(C(CC4(C3CCC4(C)O)C)O)F
D00328	flurandrenolide	CC1(OC2CC3C4CC(C5=CC(=O)CCC5(C4C(CC3(C2(O1)C(=O)CO)C)O)C)F)C
D00330	flurbiprofen	CC(C1=CC(=C(C=C1)C2=CC=CC=C2)F)C(=O)O
D00331	furosemide	C1=COC(=C1)CNC2=CC(=C(C=C2C(=O)O)S(=O)(=O)N)Cl
D00332	gabapentin	C1CCC(CC1)(CC(=O)O)CN
D00334	gemfibrozil	CC1=CC(=C(C=C1)C)OCCCC(C)(C)C(=O)O
D00335	glipizide	CC1=CN=C(C=N1)C(=O)NCCC2=CC=C(C=C2)S(=O)(=O)NC(=O)NC3CCCCC3
D00336	glyburide	COC1=C(C=C(C=C1)Cl)C(=O)NCCC2=CC=C(C=C2)S(=O)(=O)NC(=O)NC3CCCCC3
D00340	hydrochlorothiazide	C1NC2=CC(=C(C=C2S(=O)(=O)N1)S(=O)(=O)N)Cl
D00341	hydroxyurea	C(=O)(N)NO
D00345	indapamide	CC1CC2=CC=CC=C2N1NC(=O)C3=CC(=C(C=C3)Cl)S(=O)(=O)N
D00348	Isotretinoin	CC1=C(C(CCC1)(C)C)C=CC(=CC=CC(=CC(=O)O)C)C
D00349	isradipine	CC1=C(C(C(=C(N1)C)C(=O)OC(C)C)C2=CC=CC3=NON=C32)C(=O)OC
D00354	lamotrigine	C1=CC(=C(C(=C1)Cl)Cl)C2=C(N=C(N=N2)N)N
D00355	lansoprazole	CC1=C(C=CN=C1CS(=O)C2=NC3=CC=CC=C3N2)OCC(F)(F)F
D00356	latanoprost	CC(C)OC(=O)CCCC=CCC1C(CC(C1CCC(CCC2=CC=CC=C2)O)O)O
D00358	lidocaine	CCN(CC)CC(=O)NC1=C(C=CC=C1C)C
D00359	lovastatin	CCC(C)C(=O)OC1CC(C=C2C1C(C(C=C2)C)CCC3CC(CC(=O)O3)O)C
D00362	Lisinopril dihydrate	C1CC(N(C1)C(=O)C(CCCCN)NC(CCC2=CC=CC=C2)C(=O)O)C(=O)O.O.O
D00365	lorazepam	C1=CC=C(C(=C1)C2=NC(C(=O)NC3=C2C=C(C=C3)Cl)O)Cl
D00371	theophylline	CN1C2=C(C(=O)N(C1=O)C)NC=N2
D00373	thioridazine	CN1CCCCC1CCN2C3=CC=CC=C3SC4=C2C=C(C=C4)SC
D00374	thiothixene	CN1CCN(CC1)CCC=C2C3=CC=CC=C3SC4=C2C=C(C=C4)S(=O)(=O)N(C)C
D00375	MEPHENYTOIN	CCC1(C(=O)N(C(=O)N1)C)C2=CC=CC=C2
D00376	meprobamate	CCCC(C)(COC(=O)N)COC(=O)N
D00378	Timolol hemihydrate	CC(C)(C)NCC(COC1=NSN=C1N2CCOCC2)O.CC(C)(C)NCC(COC1=NSN=C1N2CCOCC2)O.O
D00379	tolazamide	CC1=CC=C(C=C1)S(=O)(=O)NC(=O)NN2CCCCCC2
D00380	tolbutamide	CCCCNC(=O)NS(=O)(=O)C1=CC=C(C=C1)C
D00382	Torasemide	CC1=CC(=CC=C1)NC2=C(C=NC=C2)S(=O)(=O)NC(=O)NC(C)C
D00383	trandolapril	CCOC(=O)C(CCC1=CC=CC=C1)NC(C)C(=O)N2C3CCCCC3CC2C(=O)O
D00385	triamcinolone	CC12CC(C3(C(C1CC(C2(C(=O)CO)O)O)CCC4=CC(=O)C=CC43C)F)O
D00386	triamterene	C1=CC=C(C=C1)C2=NC3=C(N=C(N=C3N=C2N)N)N
D00390	triflupromazine	CN(C)CCCN1C2=CC=CC=C2SC3=C1C=C(C=C3)C(F)(F)F
D00399	VALPROIC ACID	CCCC(CCC)C(=O)O
D00400	valsartan	CCCCC(=O)N(CC1=CC=C(C=C1)C2=CC=CC=C2C3=NNN=N3)C(C(C)C)C(=O)O
D00401	methimazole	CN1C=CNC1=S
D00403	Levomepromazine	CC(CN1C2=CC=CC=C2SC3=C1C=C(C=C3)OC)CN(C)C
D00407	methylprednisolone	CC1CC2C3CCC(C3(CC(C2C4(C1=CC(=O)C=C4)C)O)C)(C(=O)CO)O
D00411	zafirlukast	CC1=CC=CC=C1S(=O)(=O)NC(=O)C2=CC(=C(C=C2)CC3=CN(C4=C3C=C(C=C4)NC(=O)OC5CCCC5)C)OC
D00414	ZILEUTON	CC(C1=CC2=CC=CC=C2S1)N(C(=O)N)O
D00415	zolmitriptan	CN(C)CCC1=CNC2=C1C=C(C=C2)CC3COC(=O)N3
D00418	minoxidil	C1CCN(CC1)C2=NC(=N)N(C(=C2)N)O
D00419	misoprostol	CCCCC(C)(CC=CC1C(CC(=O)C1CCCCCCC(=O)OC)O)O
D00421	ramipril	CCOC(=O)C(CCC1=CC=CC=C1)NC(C)C(=O)N2C3CCCC3CC2C(=O)O
D00422	ranitidine	CNC(=C[N+](=O)[O-])NCCSCC1=CC=C(O1)CN(C)C
D00425	nabumetone	CC(=O)CCC1=CC2=C(C=C1)C=C(C=C2)OC
D00426	risperidone	CC1=C(C(=O)N2CCCCC2=N1)CCN3CCC(CC3)C4=NOC5=C4C=CC(=C5)F
D00428	Salsalate	C1=CC=C(C(=C1)C(=O)OC2=CC=CC=C2C(=O)O)O
D00431	metolazone	CC1NC2=CC(=C(C=C2C(=O)N1C3=CC=CC=C3C)S(=O)(=O)N)Cl
D00432	nadolol	CC(C)(C)NCC(COC1=CC=CC2=C1CC(C(C2)O)O)O
D00434	simvastatin	CCC(C)(C)C(=O)OC1CC(C=C2C1C(C(C=C2)C)CCC3CC(CC(=O)O3)O)C
D00437	nifedipine	CC1=C(C(C(=C(N1)C)C(=O)OC)C2=CC=CC=C2[N+](=O)[O-])C(=O)OC
D00438	nimodipine	CC1=C(C(C(=C(N1)C)C(=O)OC(C)C)C2=CC(=CC=C2)[N+](=O)[O-])C(=O)OCCOC
D00440	Nizatidine-d3	CNC(=C[N+](=O)[O-])NCCSCC1=CSC(=N1)CN(C)C
D00442	Octreotide (USAN/INN)	CC(C1C(=O)NC(CSSCC(C(=O)NC(C(=O)NC(C(=O)NC(C(=O)N1)CCCCN)CC2=CNC3=CC=CC=C32)CC4=CC=CC=C4)NC(=O)C(CC5=CC=CC=C5)N)C(=O)NC(CO)C(C)O)O
D00443	spironolactone	CC(=O)SC1CC2=CC(=O)CCC2(C3C1C4CCC5(C4(CC3)C)CCC(=O)O5)C
D00451	sumatriptan	CNS(=O)(=O)CC1=CC2=C(C=C1)NC=C2CCN(C)C
D00454	olanzapine	CC1=CC2=C(S1)NC3=CC=CC=C3N=C2N4CCN(CC4)C
D00455	Prilosec	CC1=CN=C(C(=C1OC)C)CS(=O)C2=NC3=C(N2)C=C(C=C3)OC
D00456	ondansetron	CC1=NC=CN1CC2CCC3=C(C2=O)C4=CC=CC=C4N3C
D00463	oxaprozin	C1=CC=C(C=C1)C2=C(OC(=N2)CCC(=O)O)C3=CC=CC=C3
D00465	oxybutynin	CCN(CC)CC#CCOC(=O)C(C1CCCCC1)(C2=CC=CC=C2)O
D00469	PRALIDOXIME CHLORIDE	C[N+]1=CC=CC=C1C=NO.[Cl-]
D00472	prednisolone	CC12CC(C3C(C1CCC2(C(=O)CO)O)CCC4=CC(=O)C=CC34C)O
D00473	Prednisone monohydrate	CC12CC(=O)C3C(C1CCC2(C(=O)CO)O)CCC4=CC(=O)C=CC34C.O
D00487	PYRIDOSTIGMINE BROMIDE	C[N+]1=CC=CC(=C1)OC(=O)N(C)C.[Br-]
D00491	paclitaxel	CC1=C2C(C(=O)C3(C(CC4C(C3C(C(C2(C)C)(CC1OC(=O)C(C(C5=CC=CC=C5)NC(=O)C6=CC=CC=C6)O)O)OC(=O)C7=CC=CC=C7)(CO4)OC(=O)C)O)C)OC(=O)C
D00493	prochlorperazine	CN1CCN(CC1)CCCN2C3=CC=CC=C3SC4=C2C=C(C=C4)Cl
D00494	promethazine	CC(CN1C2=CC=CC=C2SC3=CC=CC=C31)N(C)C
D00498	pentazocine	CC1C2CC3=C(C1(CCN2CC=C(C)C)C)C=C(C=C3)O
D00506	phenobarbital	CCC1(C(=O)NC(=O)NC1=O)C2=CC=CC=C2
D00512	phenytoin	C1=CC=C(C=C1)C2(C(=O)NC(=O)N2)C3=CC=CC=C3
D00513	pindolol	CC(C)NCC(COC1=CC=CC2=C1C=CN2)O
D00519	chlorothiazide	C1=C2C(=CC(=C1Cl)S(=O)(=O)N)S(=O)(=O)N=CN2
D00521	terfenadine	CC(C)(C)C1=CC=C(C=C1)C(CCCN2CCC(CC2)C(C3=CC=CC=C3)(C4=CC=CC=C4)O)O
D00522	candesartan	CCOC1=NC2=CC=CC(=C2N1CC3=CC=C(C=C3)C4=CC=CC=C4C5=NNN=N5)C(=O)O
D00523	irbesartan	CCCCC1=NC2(CCCC2)C(=O)N1CC3=CC=C(C=C3)C4=CC=CC=C4C5=NNN=N5
D00525	pilocarpine	CCC1C(COC1=O)CC2=CN=CN2C
D00528	caffeine	CN1C=NC2=C1C(=O)N(C(=O)N2C)C
D00533	OXCARBAZEPINE	C1C2=CC=CC=C2N(C3=CC=CC=C3C1=O)C(=O)N
D00535	vigabatrin	C=CC(CCC(=O)O)N
D00536	felbamate	C1=CC=C(C=C1)C(COC(=O)N)COC(=O)N
D00537	topiramate	CC1(OC2COC3(C(C2O1)OC(O3)(C)C)COS(=O)(=O)N)C
D00538	zonisamide	C1=CC=C2C(=C1)C(=NO2)CS(=O)(=O)N
D00539	ethosuximide	CCC1(CC(=O)NC1=O)C
D00552	benzocaine	CCOC(=O)C1=CC=C(C=C1)N
D00553	prilocaine	CCCNC(C)C(=O)NC1=CC=CC=C1C
D00554	ethinyl estradiol	CC12CCC3C(C1CCC2(C#C)O)CCC4=C3C=CC(=C4)O
D00555	amobarbital	CCC1(C(=O)NC(=O)NC1=O)CCC(C)C
D00558	Carbidopa Monohydrate	CC(CC1=CC(=C(C=C1)O)O)(C(=O)O)NN.O
D00559	191217-81-9	CCCNC1CCC2=C(C1)SC(=N2)N.O.Cl.Cl
D00562	propylthiouracil	CCCC1=CC(=O)NC(=S)N1
D00565	fenofibrate	CC(C)OC(=O)C(C)(C)OC1=CC=C(C=C1)C(=O)C2=CC=C(C=C2)Cl
D00567	celecoxib	CC1=CC=C(C=C1)C2=CC(=NN2C3=CC=C(C=C3)S(=O)(=O)N)C(F)(F)F
D00568	rofecoxib	CS(=O)(=O)C1=CC=C(C=C1)C2=C(C(=O)OC2)C3=CC=CC=C3
D00570	colchicine	CC(=O)NC1CCC2=CC(=C(C(=C2C3=CC=C(C(=O)C=C13)OC)OC)OC)OC
D00574	aminoglutethimide	CCC1(CCC(=O)NC1=O)C2=CC=C(C=C2)N
D00577	diethylstilbestrol	CCC(=C(CC)C1=CC=C(C=C1)O)C2=CC=C(C=C2)O
D00584	5-Fluorouracil	C1=C(C(=O)NC(=O)N1)F
D00586	flutamide	CC(C)C(=O)NC1=CC(=C(C=C1)[N+](=O)[O-])C(F)(F)F
D00593	1H-Pyrrole-1-carboxamide, 3-ethyl-2,5-dihydro-4-methyl-N-[2-[4-[[[[(trans-4-methylcyclohexyl)amino]carbonyl]amino]sulfonyl]phenyl]ethyl]-2-oxo-	CCC1=C(CN(C1=O)C(=O)NCCC2=CC=C(C=C2)S(=O)(=O)NC(=O)NC3CCC(CC3)C)C
D00594	Repaglinide	CCOC1=C(C=CC(=C1)CC(=O)NC(CC(C)C)C2=CC=CC=C2N3CCCCC3)C(=O)O
D00596	Rosiglitazone maleate	CN(CCOC1=CC=C(C=C1)CC2C(=O)NC(=O)S2)C3=CC=CC=N3.C(=CC(=O)O)C(=O)O
D00602	PENBUTOLOL SULFATE	CC(C)(C)NCC(COC1=CC=CC=C1C2CCCC2)O.CC(C)(C)NCC(COC1=CC=CC=C1C2CCCC2)O.OS(=O)(=O)O
D00607	Guanadrel sulfate	C1CCC2(CC1)OCC(O2)CN=C(N)N.C1CCC2(CC1)OCC(O2)CN=C(N)N.OS(=O)(=O)O
D00613	FENOLDOPAM MESYLATE	CS(=O)(=O)O.C1CNCC(C2=CC(=C(C(=C21)Cl)O)O)C3=CC=C(C=C3)O
D00618	nisoldipine	CC1=C(C(C(=C(N1)C)C(=O)OCC(C)C)C2=CC=CC=C2[N+](=O)[O-])C(=O)OC
D00622	Monopril	CCC(=O)OC(C(C)C)OP(=O)(CCCCC1=CC=CC=C1)CC(=O)N2CC(CC2C(=O)[O-])C3CCCCC3.[Na+]
D00625	MIGLITOL	C1C(C(C(C(N1CCO)CO)O)O)O
D00627	Telmisartan	CCCC1=NC2=C(N1CC3=CC=C(C=C3)C4=CC=CC=C4C(=O)O)C=C(C=C2C)C5=NC6=CC=CC=C6N5C
D00647	Dofetilide	CN(CCC1=CC=C(C=C1)NS(=O)(=O)C)CCOC2=CC=C(C=C2)NS(=O)(=O)C
D00648	IBUTILIDE FUMARATE	CCCCCCCN(CC)CCCC(C1=CC=C(C=C1)NS(=O)(=O)C)O.CCCCCCCN(CC)CCCC(C1=CC=C(C=C1)NS(=O)(=O)C)O.C(=CC(=O)O)C(=O)O
D00650	BENDROFLUMETHIAZIDE	C1=CC=C(C=C1)CC2NC3=C(C=C(C(=C3)C(F)(F)F)S(=O)(=O)N)S(=O)(=O)N2
D00652	Brinzolamide	CCNC1CN(S(=O)(=O)C2=C1C=C(S2)S(=O)(=O)N)CCCOC
D00656	methyclothiazide	CN1C(NC2=CC(=C(C=C2S1(=O)=O)S(=O)(=O)N)Cl)CCl
D00670	Donepezil hydrochloride	COC1=C(C=C2C(=C1)CC(C2=O)CC3CCN(CC3)CC4=CC=CC=C4)OC.Cl
D00675	Rizatriptan benzoate	CN(C)CCC1=CNC2=C1C=C(C=C2)CN3C=NC=N3.C1=CC=C(C=C1)C(=O)O
D00680	Methylergonovine maleate	CCC(CO)NC(=O)C1CN(C2CC3=CNC4=CC=CC(=C34)C2=C1)C.C(=CC(=O)O)C(=O)O
D00684	BITOLTEROL MESYLATE	CC1=CC=C(C=C1)C(=O)OC2=C(C=C(C=C2)C(CNC(C)(C)C)O)OC(=O)C3=CC=C(C=C3)C.CS(=O)(=O)O
D00685	Metaproterenol sulfate	CC(C)NCC(C1=CC(=CC(=C1)O)O)O.CC(C)NCC(C1=CC(=CC(=C1)O)O)O.OS(=O)(=O)O
D00691	dyphylline	CN1C2=C(C(=O)N(C1=O)C)N(C=N2)CC(CO)O
D00709	Levetiracetam	CCC(C(=O)N)N1CCCC1=O
D00726	metoclopramide	CCN(CC)CCNC(=O)C1=CC(=C(C=C1OC)N)Cl
D00732	Chloroprocaine hydrochloride	CCN(CC)CCOC(=O)C1=C(C=C(C=C1)N)Cl.Cl
D00733	dibucaine	CCCCOC1=NC2=CC=CC=C2C(=C1)C(=O)NCCN(CC)CC
D00754	thalidomide	C1CC(=O)NC(=O)C1N2C(=O)C3=CC=CC=C3C2=O
D00762	METYROSINE	CC(CC1=CC=C(C=C1)O)(C(=O)O)N
D00769	Clopidogrel bisulfate	COC(=O)C(C1=CC=CC=C1Cl)N2CCC3=C(C2)C=CS3.OS(=O)(=O)O
D00779	biperiden	C1CCN(CC1)CCC(C2CC3CC2C=C3)(C4=CC=CC=C4)O
D00781	ENTACAPONE	CCN(CC)C(=O)C(=CC1=CC(=C(C(=C1)O)O)[N+](=O)[O-])C#N
D00786	Tolcapone	CC1=CC=C(C=C1)C(=O)C2=CC(=C(C(=C2)O)O)[N+](=O)[O-]
D00788	Acetophenazine maleate	CC(=O)C1=CC2=C(C=C1)SC3=CC=CC=C3N2CCCN4CCN(CC4)CCO.C(=CC(=O)O)C(=O)O.C(=CC(=O)O)C(=O)O
D00811	Clomipramine hydrochloride	CN(C)CCCN1C2=CC=CC=C2CCC3=C1C=C(C=C3)Cl.Cl
D00823	FLUOXETINE HYDROCHLORIDE	CNCCC(C1=CC=CC=C1)OC2=CC=C(C=C2)C(F)(F)F.Cl
D00837	(1S,9R,10S)-17-(Cyclobutylmethyl)-17-azatetracyclo[7.5.3.01,10.02,7]heptadeca-2(7),3,5-triene-4,10-diol;(2R,3R)-2,3-dihydroxybutanedioic acid	C1CCC2(C3CC4=C(C2(C1)CCN3CC5CCC5)C=C(C=C4)O)O.C(C(C(=O)O)O)(C(=O)O)O
D00842	Morphine sulfate pentahydrate	CN1CCC23C4C1CC5=C2C(=C(C=C5)O)OC3C(C=C4)O.CN1CCC23C4C1CC5=C2C(=C(C=C5)O)OC3C(C=C4)O.O.O.O.O.O.OS(=O)(=O)O
D00893	PRAVASTATIN SODIUM	CCC(C)C(=O)OC1CC(C=C2C1C(C(C=C2)C)CCC(CC(CC(=O)[O-])O)O)O.[Na+]
D00939	Alendronate sodium trihydrate	C(CC(O)(P(=O)(O)O)P(=O)(O)[O-])CN.O.O.O.[Na+]
D00941	109552-15-0	C(CN)C(O)(P(=O)(O)[O-])P(=O)(O)[O-].O.O.O.O.O.[Na+].[Na+]
D00942	Risedronate sodium	C1=CC(=CN=C1)CC(O)(P(=O)(O)O)P(=O)(O)[O-].[Na+]
D00950	Levonorgestrel	CCC12CCC3C(C1CCC2(C#C)O)CCC4=CC(=O)CCC34
D00951	Medroxyprogesterone acetate	CC1CC2C(CCC3(C2CCC3(C(=O)C)OC(=O)C)C)C4(C1=CC(=O)CC4)C
D00952	MEGESTROL ACETATE	CC1=CC2C(CCC3(C2CCC3(C(=O)C)OC(=O)C)C)C4(C1=CC(=O)CC4)C
D00960	anastrozole	CC(C)(C#N)C1=CC(=CC(=C1)CN2C=NC=N2)C(C)(C)C#N
D00961	bicalutamide	CC(CS(=O)(=O)C1=CC=C(C=C1)F)(C(=O)NC2=CC(=C(C=C2)C#N)C(F)(F)F)O
D00962	Enclomiphene citrate	CCN(CC)CCOC1=CC=C(C=C1)C(=C(C2=CC=CC=C2)Cl)C3=CC=CC=C3.C(C(=O)O)C(CC(=O)O)(C(=O)O)O
D00963	EXEMESTANE	CC12CCC3C(C1CCC2=O)CC(=C)C4=CC(=O)C=CC34C
D00964	letrozole	C1=CC(=CC=C1C#N)C(C2=CC=C(C=C2)C#N)N3C=NC=N3
D00966	Tamoxifen citrate	CCC(=C(C1=CC=CC=C1)C2=CC=C(C=C2)OCCN(C)C)C3=CC=CC=C3.C(C(=O)O)C(CC(=O)O)(C(=O)O)O
D00968	Fenoprofen calcium dihydrate	CC(C1=CC(=CC=C1)OC2=CC=CC=C2)C(=O)[O-].CC(C1=CC(=CC=C1)OC2=CC=CC=C2)C(=O)[O-].O.O.[Ca+2]
D00969	meloxicam	CC1=CN=C(S1)NC(=O)C2=C(C3=CC=CC=C3S(=O)(=O)N2C)O
D00987	cabergoline	CCNC(=O)N(CCCN(C)C)C(=O)C1CC2C(CC3=CNC4=CC=CC2=C34)N(C1)CC=C
D01000	Bethanechol chloride	CC(C[N+](C)(C)C)OC(=O)N.[Cl-]
D01001	Ambenonium chloride	CC[N+](CC)(CCNC(=O)C(=O)NCC[N+](CC)(CC)CC1=CC=CC=C1Cl)CC2=CC=CC=C2Cl.[Cl-].[Cl-]
D01111	nateglinide	CC(C)C1CCC(CC1)C(=O)NC(CC2=CC=CC=C2)C(=O)O
D01112	ADAPALENE	COC1=C(C=C(C=C1)C2=CC3=C(C=C2)C=C(C=C3)C(=O)O)C45CC6CC(C4)CC(C6)C5
D01136	tranexamic acid	C1CC(CCC1CN)C(=O)O
D01161	Fulvestrant	CC12CCC3C(C1CCC2O)C(CC4=C3C=CC(=C4)O)CCCCCCCCCS(=O)CCCC(C(F)(F)F)(F)F
D01164	Aripiprazole	C1CC(=O)NC2=C1C=CC(=C2)OCCCCN3CCN(CC3)C4=C(C(=CC=C4)Cl)Cl
D01179	DULOXETINE HYDROCHLORIDE	CNCCC(C1=CC=CS1)OC2=CC=CC3=CC=CC=C32.Cl
D01204	Olmesartan medoxomil	CCCC1=NC(=C(N1CC2=CC=C(C=C2)C3=CC=CC=C3C4=NNN=N4)C(=O)OCC5=C(OC(=O)O5)C)C(C)(C)O
D01223	CAPECITABINE	CCCCCOC(=O)NC1=NC(=O)N(C=C1F)C2C(C(C(O2)C)O)O
D01227	Bosentan hydrate	CC(C)(C)C1=CC=C(C=C1)S(=O)(=O)NC2=C(C(=NC(=N2)C3=NC=CC=N3)OCCO)OC4=CC=CC=C4OC.O
D01367	fluorometholone	CC1CC2C3CCC(C3(CC(C2(C4(C1=CC(=O)C=C4)C)F)O)C)(C(=O)C)O
D01370	Cladribine	C1C(C(OC1N2C=NC3=C(N=C(N=C32)Cl)N)CO)O
D01441	Imatinib mesylate	CC1=C(C=C(C=C1)NC(=O)C2=CC=C(C=C2)CN3CCN(CC3)C)NC4=NC=CC(=N4)C5=CN=CC=C5.CS(=O)(=O)O
D01481	dihydrocodeine phosphate	CN1CCC23C4C1CC5=C2C(=C(C=C5)OC)OC3C(CC4)O.OP(=O)(O)O
D01599	gliclazide	CC1=CC=C(C=C1)S(=O)(=O)NC(=O)NN2CC3CCCC3C2
D01692	Alfuzosin Hydrochloride	CN(CCCNC(=O)C1CCCO1)C2=NC3=CC(=C(C=C3C(=N2)N)OC)OC.Cl
D01703	Ciclesonide	CC(C)C(=O)OCC(=O)C12C(CC3C1(CC(C4C3CCC5=CC(=O)C=CC45C)O)C)OC(O2)C6CCCCC6
D01708	FLUTICASONE PROPIONATE	CCC(=O)OC1(C(CC2C1(CC(C3(C2CC(C4=CC(=O)C=CC43C)F)F)O)C)C)C(=O)SCF
D01820	ALCLOMETASONE DIPROPIONATE	CCC(=O)OCC(=O)C1(C(CC2C1(CC(C3C2C(CC4=CC(=O)C=CC34C)Cl)O)C)C)OC(=O)CC
D01825	FLUOCINOLONE ACETONIDE	CC1(OC2CC3C4CC(C5=CC(=O)C=CC5(C4(C(CC3(C2(O1)C(=O)CO)C)O)F)C)F)C
D01844	Fondaparinux sodium	COC1C(C(C(C(O1)COS(=O)(=O)[O-])OC2C(C(C(C(O2)C(=O)[O-])OC3C(C(C(C(O3)COS(=O)(=O)[O-])OC4C(C(C(C(O4)C(=O)[O-])OC5C(C(C(C(O5)COS(=O)(=O)[O-])O)O)NS(=O)(=O)[O-])O)O)OS(=O)(=O)[O-])NS(=O)(=O)[O-])O)OS(=O)(=O)[O-])O)NS(=O)(=O)[O-].[Na+].[Na+].[Na+].[Na+].[Na+].[Na+].[Na+].[Na+].[Na+].[Na+]
D01907	fludarabine phosphate	C1=NC2=C(N=C(N=C2N1C3C(C(C(O3)COP(=O)(O)O)O)O)F)N
D01915	Rosuvastatin calcium	CC(C)C1=NC(=NC(=C1C=CC(CC(CC(=O)[O-])O)O)C2=CC=C(C=C2)F)N(C)S(=O)(=O)C.CC(C)C1=NC(=NC(=C1C=CC(CC(CC(=O)[O-])O)O)C2=CC=C(C=C2)F)N(C)S(=O)(=O)C.[Ca+2]
D01964	Travoprost	CC(C)OC(=O)CCCC=CCC1C(CC(C1C=CC(COC2=CC=CC(=C2)C(F)(F)F)O)O)O
D01968	Zoledronic acid hydrate	C1=CN(C=N1)CC(O)(P(=O)(O)O)P(=O)(O)O.O
D01973	Eletriptan hydrobromide	CN1CCCC1CC2=CNC3=C2C=C(C=C3)CCS(=O)(=O)C4=CC=CC=C4.Br
D02008	Tadalafil	CN1CC(=O)N2C(C1=O)CC3=C(C2C4=CC5=C(C=C4)OCO5)NC6=CC=CC=C36
D02066	Isoprenaline sulfate dihydrate	CC(C)NCC(C1=CC(=C(C=C1)O)O)O.CC(C)NCC(C1=CC(=C(C=C1)O)O)O.O.O.OS(=O)(=O)O
D02076	70359-46-5	C1CN=C(N1)NC2=C(C3=NC=CN=C3C=C2)Br.C(C(C(=O)O)O)(C(=O)O)O
D02147	Salbutamol	CC(C)(C)NCC(C1=CC(=C(C=C1)O)CO)O
D02165	Docetaxel trihydrate	CC1=C2C(C(=O)C3(C(CC4C(C3C(C(C2(C)C)(CC1OC(=O)C(C(C5=CC=CC=C5)NC(=O)OC(C)(C)C)O)O)OC(=O)C6=CC=CC=C6)(CO4)OC(=O)C)O)C)O.O.O.O
D02212	Ipratropium bromide hydrate	CC(C)[N+]1(C2CCC1CC(C2)OC(=O)C(CO)C3=CC=CC=C3)C.O.[Br-]
D02229	Sildenafil citrate	CCCC1=NN(C2=C1N=C(NC2=O)C3=C(C=CC(=C3)S(=O)(=O)N4CCN(CC4)C)OCC)C.C(C(=O)O)C(CC(=O)O)(C(=O)O)O
D02237	guanethidine sulfate	C1CCCN(CCC1)CCN=C(N)N.C1CCCN(CCC1)CCN=C(N)N.OS(=O)(=O)O
D02327	Doxylamine succinate	CC(C1=CC=CC=C1)(C2=CC=CC=N2)OCCN(C)C.C(CC(=O)O)C(=O)O
D02338	acebutolol	CCCC(=O)NC1=CC(=C(C=C1)OCC(CNC(C)C)O)C(=O)C
D02340	loxapine	CN1CCN(CC1)C2=NC3=CC=CC=C3OC4=C2C=C(C=C4)Cl
D02341	meclofenamic acid	CC1=C(C(=C(C=C1)Cl)NC2=CC=CC=C2C(=O)O)Cl
D02342	BISOPROLOL	CC(C)NCC(COC1=CC=C(C=C1)COCCOC(C)C)O
D02349	dipivefrin	CC(C)(C)C(=O)OC1=C(C=C(C=C1)C(CNC)O)OC(=O)C(C)(C)C
D02355	tolmetin	CC1=CC=C(C=C1)C(=O)C2=CC=C(N2C)CC(=O)O
D02356	VERAPAMIL	CC(C)C(CCCN(C)CCC1=CC(=C(C=C1)OC)OC)(C#N)C2=CC(=C(C=C2)OC)OC
D02358	metoprolol	CC(C)NCC(COC1=CC=C(C=C1)CCOC)O
D02360	sertraline	CNC1CCC(C2=CC=CC=C12)C3=CC(=C(C=C3)Cl)Cl
D02362	paroxetine	C1CNCC(C1C2=CC=C(C=C2)F)COC3=CC4=C(C=C3)OCO4
D02367	DESOGESTREL	CCC12CC(=C)C3C(C1CCC2(C#C)O)CCC4=CCCCC34
D02368	gemcitabine	C1=CN(C(=O)N=C1N)C2C(C(C(O2)CO)O)(F)F
D02374	Metipranolol	CC1=CC(=C(C(=C1OC(=O)C)C)C)OCC(CNC(C)C)O
D02500	IMIQUIMOD	CC(C)CN1C=NC2=C1C3=CC=CC=C3N=C2N
D02562	Rasagiline mesylate	CS(=O)(=O)O.C#CCNC1CCC2=CC=CC=C12
D02671	mesoridazine	CN1CCCCC1CCN2C3=CC=CC=C3SC4=C2C=C(C=C4)S(=O)C
D02697	Valrubicin	CCCCC(=O)OCC(=O)C1(CC(C2=C(C1)C(=C3C(=C2O)C(=O)C4=C(C3=O)C=CC=C4OC)O)OC5CC(C(C(O5)C)O)NC(=O)C(F)(F)F)O
D02698	MFCD00866516	COC1=CC(=CC(=C1O)OC)C2C3C(COC3=O)C(C4=CC5=C(C=C24)OCO5)OC6C(C(C7C(O6)COC(O7)C8=CC=CS8)O)O
D02709	Valdecoxib	CC1=C(C(=NO1)C2=CC=CC=C2)C3=CC=C(C=C3)S(=O)(=O)N
D02714	Afinitor (TN)	CC1CCC2CC(C(=CC=CC=CC(CC(C(=O)C(C(C(=CC(C(=O)CC(OC(=O)C3CCCCN3C(=O)C(=O)C1(O2)O)C(C)CC4CCC(C(C4)OC)OCCO)C)C)O)OC)C)C)C)OC
D02716	Pregabalin	CC(C)CC(CC(=O)O)CN
D02721	ILOPROST	CC#CCC(C)C(C=CC1C(CC2C1CC(=CCCCC(=O)O)C2)O)O
D02724	Bimatoprost	CCNC(=O)CCCC=CCC1C(CC(C1C=CC(CCC2=CC=CC=C2)O)O)O
D02769	5'-adenylic acid	C1=NC(=C2C(=N1)N(C=N2)C3C(C(C(O3)COP(=O)(O)O)O)O)N
D02780	Acamprosate calcium	CC(=O)NCCCS(=O)(=O)[O-].CC(=O)NCCCS(=O)(=O)[O-].[Ca+2]
D02815	Alitretinoin	CC1=C(C(CCC1)(C)C)C=CC(=CC=CC(=CC(=O)O)C)C
D02824	Almotriptan	CN(C)CCC1=CNC2=C1C=C(C=C2)CS(=O)(=O)N3CCCC3
D02910	amiodarone	CCCCC1=C(C2=CC=CC=C2O1)C(=O)C3=CC(=C(C(=C3)I)OCCN(CC)CC)I
D03021	5-azacytidine	C1=NC(=NC(=O)N1C2C(C(C(O2)CO)O)O)N
D03106	Bexarotene	CC1=CC2=C(C=C1C(=C)C3=CC=C(C=C3)C(=O)O)C(CCC2(C)C)(C)C
D03150	Bortezomib	B(C(CC(C)C)NC(=O)C(CC1=CC=CC=C1)NC(=O)C2=NC=CN=C2)(O)O
D03165	bromocriptine	CC(C)CC1C(=O)N2CCCC2C3(N1C(=O)C(O3)(C(C)C)NC(=O)C4CN(C5CC6=C(NC7=CC=CC(=C67)C5=C4)Br)C)O
D03208	Aliskiren	CC(C)C(CC1=CC(=C(C=C1)OC)OCCCOC)CC(C(CC(C(C)C)C(=O)NCC(C)(C)C(=O)N)O)N
D03546	Clofarabine	C1=NC2=C(N=C(N=C2N1C3C(C(C(O3)CO)O)F)Cl)N
D03580	CODEINE SULFATE	CN1CCC23C4C1CC5=C2C(=C(C=C5)OC)OC3C(C=C4)O.CN1CCC23C4C1CC5=C2C(=C(C=C5)OC)OC3C(C=C4)O.O.O.O.OS(=O)(=O)O
D03621	CYCLIZINE	CN1CCN(CC1)C(C2=CC=CC=C2)C3=CC=CC=C3
D03658	Dasatinib	CC1=C(C(=CC=C1)Cl)NC(=O)C2=CN=C(S2)NC3=CC(=NC(=N3)C)N4CCN(CC4)CCO
D03665	Decitabine	C1C(C(OC1N2C=NC(=NC2=O)N)CO)O
D03696	DESONIDE	CC1(OC2CC3C4CCC5=CC(=O)C=CC5(C4C(CC3(C2(O1)C(=O)CO)C)O)C)C
D03697	desoximetasone	CC1CC2C3CCC4=CC(=O)C=CC4(C3(C(CC2(C1C(=O)CO)C)O)F)C
D03730	Dexrazoxane	CC(CN1CC(=O)NC(=O)C1)N2CC(=O)NC(=O)C2
D03740	dextroamphetamine	CC(CC1=CC=CC=C1)N
D03742	dextromethorphan	CN1CCC23CCCCC2C1CC4=C3C=C(C=C4)OC
D03752	quinapril	CCOC(=O)C(CCC1=CC=CC=C1)NC(C)C(=O)N2CC3=CC=CC=C3CC2C(=O)O
D03753	PERINDOPRIL	CCCC(C(=O)OCC)NC(C)C(=O)N1C2CCCCC2CC1C(=O)O
D03822	rivastigmine	CCN(C)C(=O)OC1=CC=CC(=C1)C(C)N(C)C
D03858	DIPHENIDOL	C1CCN(CC1)CCCC(C2=CC=CC=C2)(C3=CC=CC=C3)O
D03899	doxorubicin	CC1C(C(CC(O1)OC2CC(CC3=C2C(=C4C(=C3O)C(=O)C5=C(C4=O)C(=CC=C5)OC)O)(C(=O)CO)O)N)O
D03917	Drospirenone	CC12CCC(=O)C=C1C3CC3C4C2CCC5(C4C6CC6C57CCC(=O)O7)C
D04024	Tyverb	CC1=CC=C(C=C1)S(=O)(=O)O.CC1=CC=C(C=C1)S(=O)(=O)O.CS(=O)(=O)CCNCC1=CC=C(O1)C2=CC3=C(C=C2)N=CN=C3NC4=CC(=C(C=C4)OCC5=CC(=CC=C5)F)Cl.O
D04028	orlistat	CCCCCCCCCCCC(CC1C(C(=O)O1)CCCCCC)OC(=O)C(CC(C)C)NC=O
D04040	Eprosartan	CCCCC1=NC=C(N1CC2=CC=C(C=C2)C(=O)O)C=C(CC3=CC=CS3)C(=O)O
D04066	estramustine	CC12CCC3C(C1CCC2O)CCC4=C3C=CC(=C4)OC(=O)N(CCCl)CCCl
D04292	galanthamine	CN1CCC23C=CC(CC2OC4=C(C=CC(=C34)C1)OC)O
D04370	granisetron	CN1C2CCCC1CC(C2)NC(=O)C3=NN(C4=CC=CC=C43)C
D04409	HALOBETASOL PROPIONATE	CCC(=O)OC1(C(CC2C1(CC(C3(C2CC(C4=CC(=O)C=CC43C)F)F)O)C)C)C(=O)CCl
D04486	Ibandronate sodium monohydrate	CCCCCN(C)CCC(O)(P(=O)(O)O)P(=O)(O)[O-].O.[Na+]
D04625	isoetharine	CCC(C(C1=CC(=C(C=C1)O)O)O)NC(C)C
D04687	Lenalidomide	C1CC(=O)NC(=O)C1N2CC3=C(C2=O)C=CC=C3N
D04862	Masoprocol	CC(CC1=CC(=C(C=C1)O)O)C(C)CC2=CC(=C(C=C2)O)O
D04931	6-Mercaptopurine	C1=NC2=C(N1)C(=S)N=CN2
D04966	metformin	CN(C)C(=N)N=C(N)N
D04999	methylphenidate	COC(=O)C(C1CCCCN1)C2=CC=CC=C2
D05032	Miglustat	CCCCN1CC(C(C(C1CO)O)O)O
D05113	naltrexone	C1CC1CN2CCC34C5C(=O)CCC3(C2CC6=C4C(=C(C=C6)O)O5)O
D05127	Levonebivolol	C1CC2=C(C=CC(=C2)F)OC1C(CNCC(C3CCC4=C(O3)C=CC(=C4)F)O)O
D05209	NORGESTIMATE	CCC12CCC3C(C1CCC2(C#C)OC(=O)C)CCC4=CC(=NO)CCC34
D05312	oxycodone	CN1CCC23C4C(=O)CCC2(C1CC5=C3C(=C(C=C5)OC)O4)O
D05339	Paliperidone	CC1=C(C(=O)N2CCCC(C2=N1)O)CCN3CCC(CC3)C4=NOC5=C4C=CC(=C5)F
D05353	pantoprazole	COC1=C(C(=NC=C1)CS(=O)C2=NC3=C(N2)C=C(C=C3)OC(F)F)OC
D05458	phentermine	CC(C)(CC1=CC=CC=C1)N
D05480	Pimecrolimus	CCC1C=C(CC(CC(C2C(CC(C(O2)(C(=O)C(=O)N3CCCCC3C(=O)OC(C(C(CC1=O)O)C)C(=CC4CCC(C(C4)OC)Cl)C)O)C)OC)OC)C)C
D05792	Salmeterol	C1=CC=C(C=C1)CCCCOCCCCCCNCC(C2=CC(=C(C=C2)O)CO)O
D06068	Cci 779	CC1CCC2CC(C(=CC=CC=CC(CC(C(=O)C(C(C(=CC(C(=O)CC(OC(=O)C3CCCCN3C(=O)C(=O)C1(O2)O)C(C)CC4CCC(C(C4)OC)OC(=O)C(C)(CO)CO)C)C)O)OC)C)C)C)OC
D06109	Thioguanine (TN)	C1=NC2=C(N1)C(=S)N=C(N2)N.O
D06213	Treprostinil	CCCCCC(CCC1C(CC2C1CC3=C(C2)C(=CC=C3)OCC(=O)O)O)O
D06238	trimetrexate	CC1=C(C=CC2=C1C(=NC(=N2)N)N)CNC3=CC(=C(C(=C3)OC)OC)OC
D06320	Vorinostat	C1=CC=C(C=C1)NC(=O)CCCCCCC(=O)NO
D06402	Sunitinib malate	CCN(CC)CCNC(=O)C1=C(NC(=C1C)C=C2C3=C(C=CC(=C3)F)NC2=O)C.C(C(C(=O)O)O)C(=O)O
D07129	alosetron	CC1=C(N=CN1)CN2CCC3=C(C2=O)C4=CC=CC=C4N3C
D07132	buprenorphine	CC(C)(C)C(C)(C1CC23CCC1(C4C25CCN(C3CC6=C5C(=C(C=C6)O)O4)CC7CC7)OC)O
D07425	papaverine	COC1=C(C=C(C=C1)CC2=NC=CC3=CC(=C(C=C32)OC)OC)OC
D07441	amantadine	C1C2CC3CC1CC(C2)(C3)N
D07444	DIETHYLPROPION	CCN(CC)C(C)C(=O)C1=CC=CC=C1
D07445	AMPHETAMINE	CC(CC1=CC=CC=C1)N
D07447	AMILORIDE	C1(=C(N=C(C(=N1)Cl)N)N)C(=O)N=C(N)N
D07448	amitriptyline	CN(C)CCC=C1C2=CC=CC=C2CCC3=CC=CC=C31
D07450	amlodipine	CCOC(=O)C1=C(NC(=C(C1C2=CC=CC=C2Cl)C(=O)OC)C)COCCN
D07457	anisindione	COC1=CC=C(C=C1)C2C(=O)C3=CC=CC=C3C2=O
D07460	apomorphine	CN1CCC2=C3C1CC4=C(C3=CC=C2)C(=C(C=C4)O)O
D07472	Pemetrexed	C1=CC(=CC=C1CCC2=CNC3=C2C(=O)NC(=N3)N)C(=O)NC(CCC(=O)O)C(=O)O
D07473	Atomoxetine	CC1=CC=CC=C1OC(CCNC)C2=CC=CC=C2
D07474	atorvastatin	CC(C)C1=C(C(=C(N1CCC(CC(CC(=O)O)O)O)C2=CC=C(C=C2)F)C3=CC=CC=C3)C(=O)NC4=CC=CC=C4
D07495	beclomethasone	CC1CC2C3CCC4=CC(=O)C=CC4(C3(C(CC2(C1(C(=O)CO)O)C)O)Cl)C
D07499	benazepril	CCOC(=O)C(CCC1=CC=CC=C1)NC2CCC3=CC=CC=C3N(C2=O)CC(=O)O
D07511	benztropine	CN1C2CCC1CC(C2)OC(C3=CC=CC=C3)C4=CC=CC=C4
D07514	101-47-3	CC(CC1=CC=CC=C1)N(C)CC2=CC=CC=C2
D07520	bepridil	CC(C)COCC(CN(CC1=CC=CC=C1)C2=CC=CC=C2)N3CCCC3
D07526	betaxolol	CC(C)NCC(COC1=CC=C(C=C1)CCOCC2CC2)O
D07541	Bromfenac	C1=CC(=C(C(=C1)C(=O)C2=CC=C(C=C2)Br)N)CC(=O)O
D07547	Buclizine	CC(C)(C)C1=CC=C(C=C1)CN2CCN(CC2)C(C3=CC=CC=C3)C4=CC=C(C=C4)Cl
D07552	bupivacaine	CCCCN1CCCCC1C(=O)NC2=C(C=CC=C2C)C
D07591	bupropion	CC(C(=O)C1=CC(=CC=C1)Cl)NC(C)(C)C
D07593	buspirone	C1CCC2(C1)CC(=O)N(C(=O)C2)CCCCN3CCN(CC3)C4=NC=CC=N4
D07624	CARTEOLOL	CC(C)(C)NCC(COC1=CC=CC2=C1CCC(=O)N2)O
D07704	citalopram	CN(C)CCCC1(C2=C(CO1)C=C(C=C2)C#N)C3=CC=C(C=C3)F
D07715	clobetasol	CC1CC2C3CCC4=CC(=O)C=CC4(C3(C(CC2(C1(C(=O)CCl)O)C)O)F)C
D07765	CYPROHEPTADINE	CN1CCC(=C2C3=CC=CC=C3C=CC4=CC=CC=C42)CC1
D07776	daunorubicin	CC1C(C(CC(O1)OC2CC(CC3=C2C(=C4C(=C3O)C(=O)C5=C(C4=O)C(=CC=C5)OC)O)(C(=O)C)O)N)O
D07791	desipramine	CNCCCN1C2=CC=CC=C2CCC3=CC=CC=C31
D07809	Dextropropoxyphene	CCC(=O)OC(CC1=CC=CC=C1)(C2=CC=CC=C2)C(C)CN(C)C
D07816	diclofenac	C1=CC=C(C(=C1)CC(=O)O)NC2=C(C=CC=C2Cl)Cl
D07820	dicyclomine	CCN(CC)CCOC(=O)C1(CCCCC1)C2CCCCC2
D07837	dihydroergotamine	CC1(C(=O)N2C(C(=O)N3CCCC3C2(O1)O)CC4=CC=CC=C4)NC(=O)C5CC6C(CC7=CNC8=CC=CC6=C78)N(C5)C
D07845	diltiazem	CC(=O)OC1C(SC2=CC=CC=C2N(C1=O)CCN(C)C)C3=CC=C(C=C3)OC
D07867	dolasetron	C1C2CC3CC(CC1N3CC2=O)OC(=O)C4=CNC5=CC=CC=C54
D07870	dopamine	C1=CC(=C(C=C1CCN)O)O
D07871	dorzolamide	CCNC1CC(S(=O)(=O)C2=C1C=C(S2)S(=O)(=O)N)C
D07874	doxazosin	COC1=C(C=C2C(=C1)C(=NC(=N2)N3CCN(CC3)C(=O)C4COC5=CC=CC=C5O4)N)OC
D07875	(e)-doxepin	CN(C)CCC=C1C2=CC=CC=C2COC3=CC=CC=C31
D07892	enalapril	CCOC(=O)C(CCC1=CC=CC=C1)NC(C)C(=O)N2CCCC2C(=O)O
D07894	Encainide	CN1CCCCC1CCC2=CC=CC=C2NC(=O)C3=CC=C(C=C3)OC
D07901	Epirubicin	CC1C(C(CC(O1)OC2CC(CC3=C2C(=C4C(=C3O)C(=O)C5=C(C4=O)C(=CC=C5)OC)O)(C(=O)CO)O)N)O
D07906	ERGOTAMINE	CC1(C(=O)N2C(C(=O)N3CCCC3C2(O1)O)CC4=CC=CC=C4)NC(=O)C5CN(C6CC7=CNC8=CC=CC(=C78)C6=C5)C
D07907	Erlotinib	COCCOC1=C(C=C2C(=C1)C(=NC=N2)NC3=CC=CC(=C3)C#C)OCCOC
D07913	Escitalopram	CN(C)CCCC1(C2=C(CO1)C=C(C=C2)C#N)C3=CC=C(C=C3)F
D07916	ESMOLOL	CC(C)NCC(COC1=CC=C(C=C1)CCC(=O)OC)O
D07917	Esomeprazole	CC1=CN=C(C(=C1OC)C)CS(=O)C2=NC3=C(N2)C=C(C=C3)OC
D07961	flavoxate	CC1=C(OC2=C(C1=O)C=CC=C2C(=O)OCCN3CCCCC3)C4=CC=CC=C4
D07962	flecainide	C1CCNC(C1)CNC(=O)C2=C(C=CC(=C2)OCC(F)(F)F)OCC(F)(F)F
D07967	fludrocortisone	CC12CCC(=O)C=C1CCC3C2(C(CC4(C3CCC4(C(=O)CO)O)C)O)F
D07977	FLUPHENAZINE	C1CN(CCN1CCCN2C3=CC=CC=C3SC4=C2C=C(C=C4)C(F)(F)F)CCO
D07983	fluvastatin	CC(C)N1C2=CC=CC=C2C(=C1C=CC(CC(CC(=O)O)O)O)C3=CC=C(C=C3)F
D07984	fluvoxamine	COCCCCC(=NOCCN)C1=CC=C(C=C1)C(F)(F)F
D07990	formoterol	CC(CC1=CC=C(C=C1)OC)NCC(C2=CC(=C(C=C2)O)NC=O)O
D07993	Fosphenytoin	C1=CC=C(C=C1)C2(C(=O)N(C(=O)N2)COP(=O)(O)O)C3=CC=CC=C3
D07997	Frovatriptan	CNC1CCC2=C(C1)C3=C(N2)C=CC(=C3)C(=O)N
D08027	GONADORELIN	CC(C)CC(C(=O)NC(CCCN=C(N)N)C(=O)N1CCCC1C(=O)NCC(=O)N)NC(=O)CNC(=O)C(CC2=CC=C(C=C2)O)NC(=O)C(CO)NC(=O)C(CC3=CNC4=CC=CC=C43)NC(=O)C(CC5=CN=CN5)NC(=O)C6CCC(=O)N6
D08031	GUANFACINE	C1=CC(=C(C(=C1)Cl)CC(=O)N=C(N)N)Cl
D08045	HYDROCODONE	CN1CCC23C4C1CC5=C2C(=C(C=C5)OC)OC3C(=O)CC4
D08047	hydromorphone	CN1CCC23C4C1CC5=C2C(=C(C=C5)O)OC3C(=O)CC4
D08054	hydroxyzine	C1CN(CCN1CCOCCO)C(C2=CC=CC=C2)C3=CC=C(C=C3)Cl
D08062	IDARUBICIN	CC1C(C(CC(O1)OC2CC(CC3=C2C(=C4C(=C3O)C(=O)C5=CC=CC=C5C4=O)O)(C(=O)C)O)N)O
D08070	imipramine	CN(C)CCCN1C2=CC=CC=C2CCC3=CC=CC=C31
D08086	irinotecan	CCC1=C2CN3C(=CC4=C(C3=O)COC(=O)C4(CC)O)C2=NC5=C1C=C(C=C5)OC(=O)N6CCC(CC6)N7CCCCC7
D08098	ketamine	CNC1(CCCCC1=O)C2=CC=CC=C2Cl
D08104	ketorolac	C1CN2C(=CC=C2C(=O)C3=CC=CC=C3)C1C(=O)O
D08106	labetalol	CC(CCC1=CC=CC=C1)NCC(C2=CC(=C(C=C2)O)C(=O)N)O
D08113	Leuprelin Acetate	CCNC(=O)C1CCCN1C(=O)C(CCCN=C(N)N)NC(=O)C(CC(C)C)NC(=O)C(CC(C)C)NC(=O)C(CC2=CC=C(C=C2)O)NC(=O)C(CO)NC(=O)C(CC3=CNC4=CC=CC=C43)NC(=O)C(CC5=CN=CN5)NC(=O)C6CCC(=O)N6
D08115	LEVOBUNOLOL	CC(C)(C)NCC(COC1=CC=CC2=C1CCCC2=O)O
D08116	Levobupivacaine	CCCCN1CCCCC1C(=O)NC2=C(C=CC=C2C)C
D08125	thyroxine	C1=C(C=C(C(=C1I)OC2=CC(=C(C(=C2)I)O)I)I)CC(C(=O)O)N
D08128	liothyronine	C1=CC(=C(C=C1OC2=C(C=C(C=C2I)CC(C(=O)O)N)I)I)O
D08130	Lisdexamfetamine	CC(CC1=CC=CC=C1)NC(=O)C(CCCCN)N
D08146	losartan	CCCCC1=NC(=C(N1CC2=CC=C(C=C2)C3=CC=CC=C3C4=NNN=N4)CO)Cl
D08174	memantine	CC12CC3CC(C1)(CC(C3)(C2)N)C
D08187	METHAMPHETAMINE	CC(CC1=CC=CC=C1)NC
D08195	methadone	CCC(=O)C(CC(C)N(C)C)(C1=CC=CC=C1)C2=CC=CC=C2
D08205	methyldopa	CC(CC1=CC(=C(C=C1)O)O)(C(=O)O)N
D08215	Mexiletine	CC1=C(C(=CC=C1)C)OCC(C)N
D08220	midodrine	COC1=CC(=C(C=C1)OC)C(CNC(=O)CN)O
D08224	mitoxantrone	C1=CC(=C2C(=C1NCCNCCO)C(=O)C3=C(C=CC(=C3C2=O)O)O)NCCNCCO
D08225	MOEXIPRIL	CCOC(=O)C(CCC1=CC=CC=C1)NC(C)C(=O)N2CC3=CC(=C(C=C3CC2C(=O)O)OC)OC
D08227	Mometasone	CC1CC2C3CCC4=CC(=O)C=CC4(C3(C(CC2(C1(C(=O)CCl)O)C)O)Cl)C
D08229	montelukast	CC(C)(C1=CC=CC=C1CCC(C2=CC=CC(=C2)C=CC3=NC4=C(C=CC(=C4)Cl)C=C3)SCC5(CC5)CC(=O)O)O
D08246	nalbuphine	C1CC(C1)CN2CCC34C5C(CCC3(C2CC6=C4C(=C(C=C6)O)O5)O)O
D08255	naratriptan	CNS(=O)(=O)CCC1=CC2=C(C=C1)NC=C2C3CCN(CC3)C
D08261	NEOSTIGMINE	CN(C)C(=O)OC1=CC=CC(=C1)[N+](C)(C)C
D08270	nicardipine	CC1=C(C(C(=C(N1)C)C(=O)OCCN(C)CC2=CC=CC=C2)C3=CC(=CC=C3)[N+](=O)[O-])C(=O)OC
D08288	nortriptyline	CNCCC=C1C2=CC=CC=C2CCC3=CC=CC=C31
D08305	orphenadrine	CC1=CC=CC=C1C(C2=CC=CC=C2)OCCN(C)C
D08323	oxymorphone	CN1CCC23C4C(=O)CCC2(C1CC5=C3C(=C(C=C5)O)O4)O
D08339	pergolide	CCCN1CC(CC2C1CC3=CNC4=CC=CC2=C34)CSC
D08343	meperidine	CCOC(=O)C1(CCN(CC1)C)C2=CC=CC=C2
D08347	phendimetrazine	CC1C(OCCN1C)C2=CC=CC=C2
D08358	phenoxybenzamine	CC(COC1=CC=CC=C1)N(CCCl)CC2=CC=CC=C2
D08362	phentolamine	CC1=CC=C(C=C1)N(CC2=NCCN2)C3=CC(=CC=C3)O
D08365	phenylephrine	CNCC(C1=CC(=CC=C1)O)O
D08368	phenylpropanolamine	CC(C(C1=CC=CC=C1)O)N
D08378	Pioglitazone	CCC1=CN=C(C=C1)CCOC2=CC=C(C=C2)CC3C(=O)NC(=O)S3
D08387	PIRBUTEROL	CC(C)(C)NCC(C1=NC(=C(C=C1)O)CO)O
D08411	prazosin	COC1=C(C=C2C(=C1)C(=NC(=N2)N3CCN(CC3)C(=O)C4=CC=CO4)N)OC
D08421	PROCAINAMIDE	CCN(CC)CCNC(=O)C1=CC=C(C=C1)N
D08422	procaine	CCN(CC)CCOC(=O)C1=CC=C(C=C1)N
D08425	procyclidine	C1CCC(CC1)C(CCN2CCCC2)(C3=CC=CC=C3)O
D08435	propafenone	CCCNCC(COC1=CC=CC=C1C(=O)CCC2=CC=CC=C2)O
D08443	propranolol	CC(C)NCC(COC1=CC=CC2=CC=CC=C21)O
D08449	PSEUDOEPHEDRINE	CC(C(C1=CC=CC=C1)O)NC
D08456	quetiapine	C1CN(CCN1CCOCCO)C2=NC3=CC=CC=C3SC4=CC=CC=C42
D08458	(S)-[(2R,5R)-5-ethenyl-1-azabicyclo[2.2.2]octan-2-yl]-(6-methoxyquinolin-4-yl)methanol	COC1=CC2=C(C=CN=C2C=C1)C(C3CC4CCN3CC4C=C)O
D08463	rabeprazole	CC1=C(C=CN=C1CS(=O)C2=NC3=CC=CC=C3N2)OCCCOC
D08465	raloxifene	C1CCN(CC1)CCOC2=CC=C(C=C2)C(=O)C3=C(SC4=C3C=CC(=C4)O)C5=CC=C(C=C5)O
D08473	REMIFENTANIL	CCC(=O)N(C1=CC=CC=C1)C2(CCN(CC2)CCC(=O)OC)C(=O)OC
D08489	ropinirole	CCCN(CCC)CCC1=C2CC(=O)NC2=CC=C1
D08509	Geref (TN)	CCC(C)C(C(=O)NC(CC1=CC=CC=C1)C(=O)NC(C(C)O)C(=O)NC(CC(=O)N)C(=O)NC(CO)C(=O)NC(CC2=CC=C(C=C2)O)C(=O)NC(CCCNC(=N)N)C(=O)NC(CCCCN)C(=O)NC(C(C)C)C(=O)NC(CC(C)C)C(=O)NCC(=O)NC(CCC(=O)N)C(=O)NC(CC(C)C)C(=O)NC(CO)C(=O)NC(C)C(=O)NC(CCCNC(=N)N)C(=O)NC(CCCCN)C(=O)NC(CC(C)C)C(=O)NC(CC(C)C)C(=O)NC(CCC(=O)N)C(=O)NC(CC(=O)O)C(=O)NC(C(C)CC)C(=O)NC(CCSC)C(=O)NC(CO)C(=O)NC(CCCNC(=N)N)C(=O)N)NC(=O)C(C)NC(=O)C(CC(=O)O)NC(=O)C(C)NC(=O)C(CC3=CC=C(C=C3)O)N
D08513	sibutramine	CC(C)CC(C1(CCC1)C2=CC=C(C=C2)Cl)N(C)C
D08516	Sitagliptin	C1CN2C(=NN=C2C(F)(F)F)CN1C(=O)CC(CC3=CC(=C(C=C3F)F)F)N
D08524	Sorafenib	CNC(=O)C1=NC=CC(=C1)OC2=CC=C(C=C2)NC(=O)NC3=CC(=C(C=C3)Cl)C(F)(F)F
D08525	sotalol	CC(C)NCC(C1=CC=C(C=C1)NS(=O)(=O)C)O
D08555	Tacrine	C1CCC2=NC3=CC=CC=C3C(=C2C1)N
D08560	TAMSULOSIN	CCOC1=CC=CC=C1OCCNC(C)CC2=CC(=C(C=C2)OC)S(=O)(=O)N
D08569	terazosin	COC1=C(C=C2C(=C1)C(=NC(=N2)N3CCN(CC3)C(=O)C4CCCO4)N)OC
D08570	terbutaline	CC(C)(C)NCC(C1=CC(=CC(=C1)O)O)O
D08575	TETRABENAZINE	CC(C)CC1CN2CCC3=CC(=C(C=C3C2CC1=O)OC)OC
D08588	tiagabine	CC1=C(SC=C1)C(=CCCN2CCCC(C2)C(=O)O)C3=C(C=CS3)C
D08594	ticlopidine	C1CN(CC2=C1SC=C2)CC3=CC=CC=C3Cl
D08607	tirofiban	CCCCS(=O)(=O)NC(CC1=CC=C(C=C1)OCCCCC2CCNCC2)C(=O)O
D08611	tizanidine	C1CN=C(N1)NC2=C(C=CC3=NSN=C32)Cl
D08618	topotecan	CCC1(C2=C(COC1=O)C(=O)N3CC4=CC5=C(C=CC(=C5CN(C)C)O)N=C4C3=C2)O
D08623	Tramadol	CN(C)CC1CCCCC1(C2=CC(=CC=C2)OC)O
D08636	trifluoperazine	CN1CCN(CC1)CCCN2C3=CC=CC=C3SC4=C2C=C(C=C4)C(F)(F)F
D08638	trihexyphenidyl	C1CCC(CC1)C(CCN2CCCCC2)(C3=CC=CC=C3)O
D08670	venlafaxine	CN(C)CC(C1=CC=C(C=C1)OC)C2(CCCCC2)O
D08675	C46H58N4O9	CCC1(CC2CC(C3=C(CCN(C2)C1)C4=CC=CC=C4N3)(C5=C(C=C6C(=C5)C78CCN9C7C(C=CC9)(C(C(C8N6C)(C(=O)OC)O)OC(=O)C)CC)OC)C(=O)OC)O
D08679	vincristine	CCC1(CC2CC(C3=C(CCN(C2)C1)C4=CC=CC=C4N3)(C5=C(C=C6C(=C5)C78CCN9C7C(C=CC9)(C(C(C8N6C=O)(C(=O)OC)O)OC(=O)C)CC)OC)C(=O)OC)O
D08680	vinorelbine	CCC1=CC2CC(C3=C(CN(C2)C1)C4=CC=CC=C4N3)(C5=C(C=C6C(=C5)C78CCN9C7C(C=CC9)(C(C(C8N6C)(C(=O)OC)O)OC(=O)C)CC)OC)C(=O)OC
D08682	warfarin	CC(=O)CC(C1=CC=CC=C1)C2=C(C3=CC=CC=C3OC2=O)O
D08687	Ziprasidone	C1CN(CCN1CCC2=C(C=C3C(=C2)CC(=O)N3)Cl)C4=NSC5=CC=CC=C54
D10111	DEXMECAMYLAMINE	CC1(C2CCC(C2)C1(C)NC)C
D10180	UMECLIDINIUM	C1C[N+]2(CCC1(CC2)C(C3=CC=CC=C3)(C4=CC=CC=C4)O)CCOCC5=CC=CC=C5
